KEDS_ACTOR_CODE,ACTOR
ABN,ALBANIAN
AFGGOVTAL,TALIBAN
AFGREBTAL,TALIBAN
AGOCAB,CABINDA ENCLAVE
AGOREBUNI,UNITA
ARBBTH,BAATH PARTY
BIHBHF,BOSNIAK-CROAT FEDERATION
BIHSRP,BOSNIAN SERB REPUBLIKA SRPSKA
CHNTIC,TIBET
CHRCPT,COPTIC
CHRCTH,CATHOLIC
CHRDOX,ORTHODOX
CHRJHW,JEHOVAH’S WITNESSES
CHRLDS,LATTER DAY SAINTS
CHRMRN,MARONITE
CHRPRO,PROTESTANT
CHRRAD,“FUNDAMENTALIST” CHRISTIAN
CYPGRK,GREEK CYPRIOT
CYPTRK,TURKISH CYPRIOT
CZA,CZECHOSLOVAKIA
DZAGOVFLN,FLN
DZAGOVMSP,SOCIETY FOR PEACE
DZAGOVRND,DEMOCRATIC NATIONAL RALLY
DZAOPPENN,ENNAHDA MOVEMENT
DZAOPPFIS,ISLAMIC SALVATION FRONT
DZAOPPFLN,FLN
DZAOPPMSP,SOCIETY FOR PEACE
DZAREBFIS,ISLAMIC SALVATION ARMY
DZAREBGIA,GIA
DZAREBGSP,SALAFIST GROUP
EGYREBMBR,MUSLIM BROTHERHOOD
ESPBSQ,BASQUE
FRY,FEDERAL REPUBLIC OF YUGOSLAVIA
FRYKSV,KOSOVO
FRYMTN,MONTENEGRO
FRYSRB,SERBIA
FRYVVD,VOJVODINA
GBRREBIRA,IRISH REPUBLICAN ARMY
GME,EAST GERMANY
GMW,WEST GERMANY
GYP,GYPSY
IGOAGRCPA,COCOA PRODUCER’S ALLIANCE
IGOAGRCPC,COFFEE PRODUCING COUNTRIES
IGOAGRICO,ICCO
IGOAGRIGC,INTERNATIONAL GRAINS COUNCIL
IGOAFRAFU,AFRICAN UNION
IGOAFRAGRIAC,IACO
IGOAFRBUSCES,EAST & SOUTH AFRICA COMMON MARKET
IGOAFRBUSCFA,FRANC ZONE FINANCIAL COMMUNITY
IGOAFRDEVAFB,AFRICAN DEVELOPMENT BANK
IGOAFRDEVATD,EAST & SOUTH AFRICA DEV BANK
IGOAFRDEVNEP,AFRICA DEVELOPMENT PARTNERSHIP
IGOAFROAU,OAU
IGOAFRPAP,PAN AFRICAN PARLIAMENT
IGOARBAPE,OAPEC
IGOARBDEVABD,ARAB DEVELOPMENT BANK
IGOBUSBIS,BANK FOR INTL SETTLEMENTS
IGOBUSGOE,G-8
IGOBUSGOS,G-7
IGOBUSGSS,G-77
IGOBUSHIP,HIPC
IGOBUSIMF,IMF
IGOBUSOPC,OPEC
IGOBUSPRC,PARIS CLUB
IGOBUSWTO,WTO
IGOCAFBCA,BEAC
IGOCAFECA,CENTRAL AFRICAN ECONOMIC COMMUNITY
IGOCAFCEM,CEMAC
IGOCASCIS,COMMONWEALTH OF INDEPENDENT STATES
IGOCOPITP,INTERPOL
IGOCWN,COMMONWEALTH OF NATIONS
IGOEAFDEVIAD,IGAD
IGOEAFEAC,EAST AFRICAN COMMUNITY
IGOEURBUSEFT,EUROPEAN FREE TRADE ASSOC
IGOEURCOE,COUNCIL OF EUROPE
IGOEURDEVEBR,EUROPEAN RECONSTRUCTION BANK
IGOEUREEC,EUROPEAN UNION
IGOEURSCE,OSCE
IGOJUDICC,INTERNATIONAL CRIMINAL COURT
IGOLEGIPU,INTER-PARLIAMENTARY UNION
IGOMEAAEU,ARAB ECONOMIC UNITY COUNCIL
IGOMEAACC,ARAB COOPERATION COUNCIL
IGOMEAAMF,ARAB MONETARY FUND
IGOMEAAMU,ARAB MAGHREB UNION
IGOMEAARL,ARAB LEAGUE
IGOMOSDEVIDB,ISLAMIC DEVELOPMENT BANK
IGOMOSOIC,OIC
IGONAFCSS,CENSAD
IGONON,NON-ALIGNED COUNTRIES
IGOOAS,AMERICAN STATES ORGANIZATION
IGOPGSGCC,GULF COOPERATION COUNCIL
IGOPKO,PEACEKEEPING FORCE
IGOSAFDEVSAD,SOUTHERN AFRICA DEV COMMUNITY
IGOSASSAA,SOUTH ASIAN ASSOCIATION
IGOSEAASN,ASEAN
IGOSEASOT,SEATO
IGOSEADEVADB,ASIAN DEVELOPMENT BANK
IGOUNO,UNITED NATIONS
IGOUNOAGRFAO,UN FOOD & AGRICULTURE ORG
IGOUNOAIE,INTERNATIONAL ENERGY AGENCY
IGOUNODEVWBK,THE WORLD BANK
IGOUNOHLHWHO,WHO
IGOUNOHRIHCH,OHCHR
IGOUNOIAE,IAEA
IGOUNOJUDICJ,ICJ
IGOUNOJUDWCT,INTL WAR CRIMES TRIBUNALS
IGOUNOKID,UNICEF
IGOUNOLABILO,INTL LABOR ORGANIZATION
IGOUNOREFHCR,OHCR
IGOUNOWFP,WORLD FOOD PROGRAM
IGOWAFDEVWAM,WEST AFRICA MONETARY UNION
IGOWAFUEM,UEMOA
IGOWAFWAD,WEST AFRICA DEVELOPMENT BANK
IGOWAFWAS,ECOWAS
IGOWEU,WESTERN EUROPEAN UNION
IGOWSTNAT,NATO
IMGMOSALQ,AL QAEDA
IMGSEAMOSASF,ABU SAYYAF
IMGSEAMOSJMA,JEMAAH ISLAMIYA
INDKAS,INDIAN-CONTROLLED KASHMIR
IRQBAG,BAGHDAD
IRQKURKDP,KDP
ISRGOVCMN,ISRAELI COMMUNIST PARTY
ISRGOVLBA,ISRAELI LABOR PARTY
ISRGOVLKD,LIKUD PARTY
ISRGOVMRZ,MERETZ PARTY
ISRGOVSHA,SHAS PARTY
ISROPPLBA,ISRAELI LABOR PARTY
ISROPPLKD,LIKUD PARTY
ISROPPMRZ,MERETZ PARTY
ISROPPSHA,SHAS PARTY
ISRSET,ISRAELI SETTLERS
JEWHSD,HASIDIC JEW
JEWUDX,ULTRA-ORTHODOX JEW
JOROPPIAF,ISLAMIC ACTION FRONT
KHMREBKMR,KHMER ROUGE
LBNREBAML,AMAL MILITIA
LBNREBASL,SOUTH LEBANON ARMY
LBNREBHEZ,HEZBULLAH
LBRBOM,BOMI
LBRBON,BONG
LBRCAP,GRAND CAPE MOUNT
LBRGBA,GRAND BASSA
LBRGGC,GRAND GEDEH
LBRGOVLAP,LIBERIA ACTION PARTY
LBRGOVNDP,LIBERIA DEMOCRATIC PARTY
LBRGOVNPF,NPFL
LBRGOVUPP,UNITED PEOPLE’S PARTY
LBRKRH,KRAHN
LBRKRU,GRAND KRU
LBRLOF,LOFA
LBRMAN,MANDINGO
LBRMNT,MONTSERRADO
LBRMRG,MARGIBI
LBRMRY,MARYLAND
LBRNIM,NIMBA
LBROPPALC,ALL LIBERIA COALITION PARTY
LBROPPLAP,LIBERIA ACTION PARTY
LBROPPNDM,NEW DEAL MOVEMENT
LBROPPNDP,LIBERIA DEMOCRATIC PARTY
LBROPPUPP,UNITED PEOPLE’S PARTY
LBRREBAFL,ARMED FORCES OF LIBERIA
LBRREBINP,INDEPENDENT NPFL
LBRREBLPC,LIBERIA PEACE COUNCIL
LBRREBLUR,LURD
LBRREBNPF,NPFL
LBRREBULM,UNITED LIBERATION FRONT
LBRRVC,RIVERCESS
LBRSIN,SINO
LKAREBJVP,PEOPLE’S LIBERATION FRONT
MARREBPLS,POLISARIO GUERILLAS
MOSALE,ALEWI
MOSDRZ,DRUZE
MOSRAD,RADICAL MUSLIM
MOSSFI,SUFI
MOSSHI,SHIA
MOSSUN,SUNNI
NGAABI,ABIA
NGAABU,ABUJA
NGAADA,ADAMAWA
NGAAKI,AKWA IBOM
NGAANB,ANAMBRA
NGABAU,BAUCHI
NGABAY,BAYELSA
NGABIA,BIAFRA
NGABNU,BENUE
NGABOR,BORNO
NGACRR,CROSS RIVER
NGADEL,DELTA
NGAEBO,EDO
NGAEKI,EKITI
NGAENU,ENUGU
NGAGOM,GOMBE
NGAHAU,HAUSA
NGAIBO,IBO
NGAIJW,IJAWS
NGAIMO,IMO
NGAJIG,JIGAWA
NGAKAD,KADUNA
NGAKAN,KANO
NGAKAT,KATSINA
NGAKEB,KEBBI
NGAKOG,KOGI
NGAKWA,KWARA
NGALAG,LAGOS
NGANAS,NASSARAWA
NGANDR,NIGER DELTA REGION
NGANGR,NIGER
NGANNG,NORTH NIGERIA
NGAOGO,OGONI
NGAOGU,OGUN
NGAOND,ONDO
NGAOPPANP,ALL NIGERIA PEOPLE’S PARTY
NGAOPPCFD,CAMPAIGN FOR DEMOCRACY
NGAOPPNDC,NADECO
NGAOSU,OSUN
NGAOYO,OYO
NGAPLA,PLATEU STATE
NGAREBMAD,MAD
NGARIV,RIVERS
NGASOK,SOKOTO
NGATAR,TARABA
NGATIV,TIV
NGAYOB,YOBE
NGAYRB,YORUBA
NGAZAM,ZAMFARA
NGMGRP,GREENPEACE
NGOCHRCSI,CHRISTIAN SOLIDARITY INTL
NGOHLHCRC,ICRC
NGOHLHIRC,RED CROSS
NGOHLHMSF,DOCTORS WITHOUT BORDERS
NGOHLHRCR,RED CRESCENT
NGOHRIAMN,AMNESTY INTERNATIONAL
NGOHRIFID,FIDH
NGOHRIHRW,HUMAN RIGHTS WATCH
NGOHRIIHF,HELSINKI HUMAN RIGHTS FEDERATION
NGOICG,INTERNATIONAL CRISIS GROUP
NGOJUDJUR,INTL COMMISSION OF JURISTS
NGOREFIOM,INTL MIGRATION ORGANIZATION
NGOUAJ,UNION OF ARAB JOURNALISTS
NGOWEF,WORLD ECONOMIC FORUM
NGOXFM,OXFAM
PAKKAS,PAKISTANI-CONTROLLED KASHMIR
PALPLO,PALESTINE LIBERATION ORG
PALREBANO,ABU NIDAL ORGANIZATION
PALREBPLF,PALESTINE LIBERATION FRONT
PNGBOU,BOUGAINVILLE
PSEGOVFTA,FATAH
PSEGOVHMS,HAMAS
PSEGZS,GAZA STRIP
PSEREBAAM,AL AQSA MARTYRS BRIGADE
PSEREBDFL,DFLP
PSEREBHMS,HAMAS
PSEREBISJ,PALESTINIAN ISLAMIC JIHAD
PSEREBPFL,PFLP
PSEWSB,WEST BANK
RUSCNY,CHECHNYA
RWAGOVRPF,RWANDAN PATRIOTIC FRONT
RWAUAFRPF,RWANDAN PATRIOTIC FRONT
SCG,SERBIA AND MONTENEGRO
SCGKSV,KOSOVO
SCGMTN,MONTENEGRO
SCGSRB,SERBIA
SCGVVD,VOJVODINA
SDNDFR,DARFUR
SDNREBNDA,NATIONAL DEMOCRATIC ALLIANCE
SDNREBSPL,SUDAN PEOPLE’S LIBERATION ARMY
SENREBMDF,CASAMANCE DEMOCRATIC FORCES
SER,SERB
SLEREBKAM,KAMOJOR MILITIA
SLEREBRUF,REVOLUTIONARY UNITED FRONT
SNL,SINHALESE
SRBKSV,KOSOVO
SRBVVD,VOJVODINA
TRG,TUAREG
TRK,TURK
TURANK,ANKARA
TURGOVAKP,AKP
TURGOVANP,ANAP
TURGOVCHP,CHP
TURGOVDSP,DSP
TURGOVDYP,DYP
TURGOVMHP,MHP
TURGOVREP,WELFARE PARTY (REFAH)
TURIST,ISTANBUL
TURIZM,IZMIR
TUROPPAKP,AKP
TUROPPANP,ANAP
TUROPPCHP,CHP
TUROPPDSP,DSP
TUROPPDTP,DTP
TUROPPDYP,DYP
TUROPPFAZ,VIRTUE PARTY (FAZILET)
TUROPPHDP,DEHAP/HADEP
TUROPPMHP,MHP
TUROPPREP,WELFARE PARTY (REFAH)
TURREBDSL,DEV-SOL
TURREBPKK,PKK
TURSOE,SOUTHEAST TURKEY
TUT,TUTSI
UGAREBADF,ALLIED DEMOCRATIC FORCES
UGAREBLRA,LORD’S RESISTANCE ARMY
USR,USSR
YMN,NORTH YEMEN
YMS,SOUTH YEMEN
YUGBSN,YUGOSLAV BOSNIA
YUGCTA,YUGOSLAV CROATIA
YUGKSV,KOSOVO
YUGMCD,YUGOSLAV MACEDONIA
YUGMTN,MONTENEGRO
YUGSLN,YUGOSLAV SLOVENIA
YUGSRB,YUGOSLAV SERBIA
YUGVVD,VOJVODINA
BIHCRO,Bosnian Croat
BIHMOS,Bosnian Muslim
BIHSER,Bosnian Serb
HRVSER,Croatian Serb
IRNREBPMD,People's Mujahedeen
IRQKUR,Kurds in Iraq
ISRARB,Arab Israeli
ISROPPCMN,Israeli Communist Party
LBRMIL,Armed Forces of Liberia
NGAEDO,Edo
SRBKSVABN,Kosovar Albanian
SRBKSVSRB,Kosovar Serb
TURKUR,Kurds in Turkey
